"(10000)"
"rt";"(2008)"
"linux";"(940)"
"and";"(1270)"
"#linux";"(9668)"
"to";"(1968)"
"autumn:";"(514)"
"slew";"(1160)"
"...";"(834)"
"supported,";"(1249)"
"learn";"(1548)"
"@oznetsupport";"(2049)"
"ai-ball";"(878)"
"pdf]";"(4576)"
"we";"(590)"
",";"(554)"
"llegarÃ¡";"(1673)"
"lxer:";"(517)"
"http://t.co/c3g5mbbpfb";"(683)"
"exchange-edi";"(716)"
"http://t.co/duavccpmsn";"(719)"
"@linux_motd";"(1929)"
"said";"(689)"
"http://t.co/wln1iua7kg";"(889)"
"decking";"(1389)"
"@xelenonz";"(1171)"
"st.";"(1171)"
"patrick's";"(670)"
"autumn:";"supported,";"(599)"
"#linux";"autumn:";"(507)"
"#linux";"lxer:";"(506)"
"#linux";",";"(554)"
"pdf]";"we";"(572)"
"#linux";"we";"(600)"
"@xelenonz";"patrick's";"(669)"
"st.";"patrick's";"(670)"
"decking";"patrick's";"(669)"
"#linux";"patrick's";"(670)"
"pdf]";"http://t.co/c3g5mbbpfb";"(687)"
"#linux";"http://t.co/c3g5mbbpfb";"(687)"
"exchange-edi";"said";"(688)"
"http://t.co/duavccpmsn";"said";"(688)"
"pdf]";"said";"(689)"
"#linux";"said";"(690)"
"exchange-edi";"http://t.co/duavccpmsn";"(689)"
"pdf]";"exchange-edi";"(743)"
"#linux";"exchange-edi";"(717)"
"pdf]";"http://t.co/duavccpmsn";"(692)"
"#linux";"http://t.co/duavccpmsn";"(721)"
"#linux";"...";"(802)"
"#linux";"ai-ball";"(858)"
"#linux";"http://t.co/wln1iua7kg";"(849)"
"linux";"#linux";"(905)"
"#linux";"slew";"(1064)"
"@xelenonz";"st.";"(1170)"
"decking";"@xelenonz";"(1170)"
"to";"@xelenonz";"(539)"
"@oznetsupport";"@xelenonz";"(613)"
"#linux";"@xelenonz";"(1171)"
"decking";"st.";"(1170)"
"to";"st.";"(539)"
"@oznetsupport";"st.";"(613)"
"#linux";"st.";"(1171)"
"to";"supported,";"(785)"
"rt";"supported,";"(716)"
"#linux";"supported,";"(1199)"
"and";"#linux";"(1229)"
"to";"decking";"(568)"
"@oznetsupport";"decking";"(614)"
"#linux";"decking";"(1389)"
"learn";"pdf]";"(901)"
"#linux";"learn";"(1507)"
"llegarÃ¡";"@linux_motd";"(803)"
"pdf]";"llegarÃ¡";"(1710)"
"#linux";"llegarÃ¡";"(1681)"
"pdf]";"@linux_motd";"(1998)"
"#linux";"@linux_motd";"(1939)"
"rt";"to";"(516)"
"to";"@oznetsupport";"(667)"
"#linux";"to";"(1903)"
"rt";"@oznetsupport";"(568)"
"rt";"#linux";"(1832)"
"#linux";"@oznetsupport";"(1988)"
"pdf]";"(916)"
"#linux";"pdf]";"(4576)"
"#linux";"pdf]";"we";"(544)"
"@xelenonz";"st.";"patrick's";"(541)"
"decking";"@xelenonz";"patrick's";"(541)"
"#linux";"@xelenonz";"patrick's";"(541)"
"decking";"st.";"patrick's";"(541)"
"#linux";"st.";"patrick's";"(542)"
"#linux";"decking";"patrick's";"(541)"
"#linux";"pdf]";"http://t.co/c3g5mbbpfb";"(651)"
"exchange-edi";"http://t.co/duavccpmsn";"said";"(688)"
"pdf]";"exchange-edi";"said";"(688)"
"#linux";"exchange-edi";"said";"(688)"
"pdf]";"http://t.co/duavccpmsn";"said";"(688)"
"#linux";"http://t.co/duavccpmsn";"said";"(688)"
"#linux";"pdf]";"said";"(688)"
"pdf]";"exchange-edi";"http://t.co/duavccpmsn";"(688)"
"#linux";"exchange-edi";"http://t.co/duavccpmsn";"(689)"
"#linux";"pdf]";"exchange-edi";"(715)"
"#linux";"pdf]";"http://t.co/duavccpmsn";"(691)"
"decking";"@xelenonz";"st.";"(1170)"
"@oznetsupport";"@xelenonz";"st.";"(514)"
"#linux";"@xelenonz";"st.";"(1170)"
"@oznetsupport";"decking";"@xelenonz";"(514)"
"#linux";"decking";"@xelenonz";"(1170)"
"#linux";"@oznetsupport";"@xelenonz";"(514)"
"@oznetsupport";"decking";"st.";"(514)"
"#linux";"decking";"st.";"(1170)"
"#linux";"@oznetsupport";"st.";"(514)"
"#linux";"to";"decking";"(514)"
"#linux";"@oznetsupport";"decking";"(515)"
"#linux";"learn";"pdf]";"(727)"
"pdf]";"llegarÃ¡";"@linux_motd";"(778)"
"#linux";"llegarÃ¡";"@linux_motd";"(798)"
"#linux";"pdf]";"llegarÃ¡";"(1591)"
"#linux";"pdf]";"@linux_motd";"(1877)"
"decking";"@xelenonz";"st.";"patrick's";"(541)"
"#linux";"@xelenonz";"st.";"patrick's";"(541)"
"#linux";"decking";"@xelenonz";"patrick's";"(541)"
"#linux";"decking";"st.";"patrick's";"(541)"
"pdf]";"exchange-edi";"http://t.co/duavccpmsn";"said";"(688)"
"#linux";"exchange-edi";"http://t.co/duavccpmsn";"said";"(688)"
"#linux";"pdf]";"exchange-edi";"said";"(688)"
"#linux";"pdf]";"http://t.co/duavccpmsn";"said";"(688)"
"#linux";"pdf]";"exchange-edi";"http://t.co/duavccpmsn";"(688)"
"@oznetsupport";"decking";"@xelenonz";"st.";"(514)"
"#linux";"decking";"@xelenonz";"st.";"(1170)"
"#linux";"@oznetsupport";"@xelenonz";"st.";"(514)"
"#linux";"@oznetsupport";"decking";"@xelenonz";"(514)"
"#linux";"@oznetsupport";"decking";"st.";"(514)"
"#linux";"pdf]";"llegarÃ¡";"@linux_motd";"(778)"
"#linux";"decking";"@xelenonz";"st.";"patrick's";"(541)"
"#linux";"pdf]";"exchange-edi";"http://t.co/duavccpmsn";"said";"(688)"
"#linux";"@oznetsupport";"decking";"@xelenonz";"st.";"(514)"
